intensity,direction
4.5919370727535584,1.3004980358002391
5.7446927428350385,2.037047770471328
6.88599949157286,2.8498886146603555
6.318136895773801,2.9254189479120467
7.196350731520815,3.1329607115097198
8.325590770676142,2.2918096699218986
7.61675703447965,3.305329852117921
5.670937388113871,4.233706586788631
6.171384807344581,4.472684225338595
6.10194407923877,6.1409613541003685
